{
  "hashcat": {
    "speeds": [
      32168200000.0,
      32669400000.0,
      32578100000.0,
      32195000000.0,
      32892100000.0,
      32892900000.0,
      32732400000.0,
      32610300000.0,
      32760100000.0,
      32831000000.0,
      32180100000.0,
      32170800000.0,
      32490600000.0,
      32105600000.0,
      32320200000.0,
      32236400000.0,
      32325500000.0,
      32146400000.0,
      32117800000.0,
      32045100000.0,
      32094000000.0,
      32255500000.0,
      32143700000.0,
      32331100000.0,
      31978700000.0,
      32008700000.0,
      31923600000.0,
      32229200000.0,
      32051500000.0,
      32174400000.0
    ],
    "mean": 32321946666.666668,
    "stdev": 288930213.18642676
  },
  "poc_v1": {
    "speeds": [
      16748278742,
      17917676057,
      10337481756,
      16913368654,
      6579429394,
      18849392512,
      9752588848,
      19031256799,
      19165321589,
      19395251697,
      18590742992,
      10130047580,
      11463631701,
      19249615196,
      18819673356,
      19193581117,
      19068268499,
      9143090765,
      12863497096,
      19252437750,
      8868309664,
      19461622494,
      19062972398,
      16427939771,
      16785608722,
      9741263621,
      19234289567,
      19018193000,
      7036242232,
      19378450029
    ],
    "mean": 15582650786.6,
    "stdev": 4508141463.350154
  },
  "poc_v2": {
    "speeds": [
      21453783007,
      20221634391,
      21227577670,
      21406184547,
      6570125116,
      20745053276,
      18426264210,
      20550240081,
      20951877588,
      7055409912,
      18170707325,
      13024665219,
      13854971529,
      21189001452,
      21421368868,
      18099375379,
      10685066155,
      18232471018,
      18442693802,
      21339477901,
      19044098472,
      8077425184,
      18819907979,
      12426953689,
      18301419209,
      19606804693,
      7601934499,
      5982651478,
      21425016116,
      21321097045
    ],
    "mean": 16855841893.666666,
    "stdev": 5288176415.197865
  },
  "comparison": {
    "hashcat_vs_pocv2_ratio": 1.9175516043972365,
    "hashcat_vs_pocv2_t": 15.995152207813481,
    "hashcat_vs_pocv2_df": 29.173140301561705,
    "hashcat_vs_pocv2_sig": true,
    "pocv2_vs_pocv1_gain_pct": 8.170568181900872
  }
}