{
  "hashcat": {
    "speeds": [
      32287600000.0,
      32388400000.0,
      32207400000.0,
      32311500000.0,
      32223400000.0,
      32304300000.0,
      32627200000.0,
      32191300000.0,
      32156300000.0,
      32110400000.0,
      32226900000.0,
      32130800000.0,
      32043800000.0,
      32280100000.0,
      32163700000.0,
      32315800000.0,
      32023500000.0,
      31986100000.0,
      32220700000.0,
      32131800000.0,
      32277800000.0,
      32162100000.0,
      32226400000.0,
      32245800000.0,
      32054300000.0,
      31753400000.0,
      32037100000.0,
      32279900000.0,
      32197300000.0,
      31769700000.0
    ],
    "mean": 32177826666.666668,
    "stdev": 168863746.20269796,
    "n": 30
  },
  "poc_v1": {
    "speeds": [
      19199560500,
      18906745866,
      18464118267,
      19387780752,
      16569726197,
      17320005707,
      19443829106,
      16645990194,
      16806066422,
      16869152847,
      19440199262,
      19256857366,
      19233677248,
      19380315386,
      16813083909,
      16310553016,
      19283048079,
      16740108786,
      16684616371,
      19364284388,
      19448587601,
      16794103408,
      17015144316,
      16534707027,
      16858134994,
      19439448423,
      16789808371,
      16788688277,
      19489128170,
      19309680622
    ],
    "mean": 18019571695.933334,
    "stdev": 1294558452.572942,
    "n": 30
  },
  "poc_v2": {
    "speeds": [
      18538701570,
      18088642589,
      18315737882,
      21410433936,
      21451192567,
      21072492331,
      18396406482,
      21460643839,
      21434900858,
      21453630774,
      21222207298,
      20484862322,
      20699834631,
      20748616628,
      20700402329,
      18508591950,
      18416600332,
      18132303511,
      21466593245,
      21453630774,
      21056477057,
      18501788186,
      21431402160,
      21403756901,
      19106512261,
      21237878381,
      20954930778,
      18432787455,
      18502695119,
      21430489635
    ],
    "mean": 20183838126.033333,
    "stdev": 1375330780.6360605,
    "n": 30
  },
  "hashcat_vs_pocv2": {
    "ratio": 1.5942372538731056,
    "t": 47.40978865724483,
    "df": 29.874153744454667,
    "sig": true
  },
  "pocv2_vs_pocv1": {
    "gain_pct": 12.01064301982511,
    "t": 6.276166431843185,
    "df": 57.78882235707699,
    "sig": true
  }
}